<?xml version="1.0" encoding="UTF-8"?>
<!DOCTYPE suite SYSTEM "https://testng.org/testng-1.0.dtd">
<suite name="Suite">
<listeners>
   <listener class-name="reports.ExtentTestNGIReporterListener"/>
</listeners>
  <test thread-count="5" name="Test">
  <groups>
     <run>
       <include name="positive"></include>
     </run>
  </groups>
    <classes>
      <class name="tests.FrameworkTests.PracticeC1"/>
      <class name="tests.FrameworkTests.UtilityTests"/>
    </classes>
  </test> <!-- Test -->
</suite> <!-- Suite -->
